<!--  
这个为菜单列表，注意编辑的格式!例如：
<phone id="手机概览,overview">手机外观</phone>
1、手机概览：一级标题名称
2、overview：这个为assets下的各个模块文件夹的名称，记住这个值一定要与文件夹的名称对应，不然链接会出错
3、手机外观：二级标题名称
4、手机概览与overview之间的逗号为英文状态下的，请注意
5、各个模块文件夹的html文件一定要按照顺序来命名，即XXX_1到XXX_n来命名，中间不能有断续
-->
<phones>
<phone id="ទិដ្ឋភាពទូទៅ និងការណែនាំសម្រាប់ចាប់ផ្តើម,overview">ការណែនាំមកកាន់ការរចនាខាងក្រៅរបស់ទូរស័ព្ទ</phone>
<phone id="ទិដ្ឋភាពទូទៅ និងការណែនាំសម្រាប់ចាប់ផ្តើម,overview">ការដំឡើង និងការរៀបចំ</phone>
<phone id="ទិដ្ឋភាពទូទៅ និងការណែនាំសម្រាប់ចាប់ផ្តើម,overview">រូបតំណាងរបារស្ថានភាព និងការជូនដំណឹង</phone>
<phone id="ទិដ្ឋភាពទូទៅ និងការណែនាំសម្រាប់ចាប់ផ្តើម,overview">ការណែនាំអំពីអេក្រង់ទំព័រដើម​</phone>

<phone id="កម្មវិធីអេក្រង់ទំព័រដើម,desktop">iManager</phone>
<phone id="កម្មវិធីអេក្រង់ទំព័រដើម,desktop">ម៉ាស៊ីនថត</phone>
<phone id="កម្មវិធីអេក្រង់ទំព័រដើម,desktop">អាល់ប៊ុម</phone>
<phone id="កម្មវិធីអេក្រង់ទំព័រដើម,desktop">ម៉ាស៊ីន​គិត​លេខ</phone>
<phone id="កម្មវិធីអេក្រង់ទំព័រដើម,desktop">ឧបករណ៍ថតសំឡេង</phone>
<phone id="កម្មវិធីអេក្រង់ទំព័រដើម,desktop">នាឡិកា</phone>
<phone id="កម្មវិធីអេក្រង់ទំព័រដើម,desktop">ត្រីវិស័យ</phone>
<phone id="កម្មវិធីអេក្រង់ទំព័រដើម,desktop">iqoo.com</phone>
<phone id="កម្មវិធីអេក្រង់ទំព័រដើម,desktop">គំរូរចនា</phone>
<phone id="កម្មវិធីអេក្រង់ទំព័រដើម,desktop">តន្ត្រី</phone>
<phone id="កម្មវិធីអេក្រង់ទំព័រដើម,desktop">អាកាសធាតុ</phone>
<phone id="កម្មវិធីអេក្រង់ទំព័រដើម,desktop">EasyShare</phone>
<phone id="កម្មវិធីអេក្រង់ទំព័រដើម,desktop">កំណត់សម្គាល់</phone>
<phone id="កម្មវិធីអេក្រង់ទំព័រដើម,desktop">កម្មវិធីរុករក</phone>
<phone id="កម្មវិធីអេក្រង់ទំព័រដើម,desktop">iQOOCloud</phone>
<phone id="កម្មវិធីអេក្រង់ទំព័រដើម,desktop">កម្មវិធី Google</phone>

<phone id="ទូរស័ព្ទ និងទំនាក់ទំនង,contact">ការហៅទូរស័ព្ទ</phone>
<phone id="ទូរស័ព្ទ និងទំនាក់ទំនង,contact">ទំនាក់ទំនង</phone>
<phone id="ទូរស័ព្ទ និងទំនាក់ទំនង,contact">ប្រតិបត្តិការច្រើនទៀត</phone>
<phone id="ទូរស័ព្ទ និងទំនាក់ទំនង,contact">សារ</phone>

<phone id="ការកំណត់,settings">បណ្ដាញ និងអ៊ីនធឺណិត</phone>
<phone id="ការកំណត់,settings">ប៊្លូធូស និងឧបកណ៍</phone>
<phone id="ការកំណត់,settings">ការបង្ហាញ និងពន្លឺ</phone>
<phone id="ការកំណត់,settings">អេក្រង់ជាប់សោ និងរូបផ្ទៃអេក្រង់</phone>
<phone id="ការកំណត់,settings">បែបផែនឌីណាមិក</phone>
<phone id="ការកំណត់,settings">សំឡេង</phone>
<phone id="ការកំណត់,settings">កម្មវិធី និងការជូនដំណឹង</phone>
<phone id="ការកំណត់,settings">ថ្ម</phone>
<phone id="ការកំណត់,settings">ទំហំឧបករណ៍ផ្ទុក និង RAM</phone>
<phone id="ការកំណត់,settings">សុវត្ថិភាព</phone>
<phone id="ការកំណត់,settings">ឯកជនភាព</phone>
<phone id="ការកំណត់,settings">ទីតាំង</phone>
<phone id="ការកំណត់,settings">ម៉ូដកំពូលហ្គេម</phone>
<phone id="ការកំណត់,settings">ផ្លូវកាត់ និងភាពងាយស្រួលចូលប្រើប្រាស់</phone>
<phone id="ការកំណត់,settings">សុខុមាលភាពឌីជីថល និងការគ្រប់គ្រងដោយមាតាបិតា </phone>
<phone id="ការកំណត់,settings">Google</phone>
<phone id="ការកំណត់,settings">គណនី</phone>
<phone id="ការកំណត់,settings">ប្រព័ន្ធ</phone>
<phone id="ការកំណត់,settings">អំពី​ទូរស័ព្ទ</phone>
<phone id="ការកំណត់,settings" skip="usbdebug">ជម្រើស​សម្រាប់អ្នក​អភិវឌ្ឍន៍</phone>
<phone id="ការកំណត់,settings">បច្ចុប្បន្នភាពប្រព័ន្ធ</phone>

<phone id="ការថែទាំ និងការផ្តល់សេវាកម្ម,maintain">អំពីការថែទាំ</phone>
<phone id="ការថែទាំ និងការផ្តល់សេវាកម្ម,maintain">ទូរស័ព្ទ និងគ្រឿងបរិក្ខារ</phone>
<phone id="ការថែទាំ និងការផ្តល់សេវាកម្ម,maintain">ជំនួយ</phone>
<phone id="ការថែទាំ និងការផ្តល់សេវាកម្ម,maintain">ទ្រង់ទ្រាយឯកសារដែលបានគាំទ្រ</phone>
<phone id="ការថែទាំ និងការផ្តល់សេវាកម្ម,maintain" skip="usbhelp">ការណែនាំស្តីពីការភ្ជាប់ USB</phone>
