<!--  
这个为菜单列表，注意编辑的格式!例如：
<phone id="手机概览,overview">手机外观</phone>
1、手机概览：一级标题名称
2、overview：这个为assets下的各个模块文件夹的名称，记住这个值一定要与文件夹的名称对应，不然链接会出错
3、手机外观：二级标题名称
4、手机概览与overview之间的逗号为英文状态下的，请注意
5、各个模块文件夹的html文件一定要按照顺序来命名，即XXX_1到XXX_n来命名，中间不能有断续
-->
<phones>
<phone id="Genel Bakış ve Hızlı Başlangıç,overview">Telefon dışına giriş</phone>
<phone id="Genel Bakış ve Hızlı Başlangıç,overview">Kurulum ve Hazırlık</phone>
<phone id="Genel Bakış ve Hızlı Başlangıç,overview">Durum çubuğu simgeleri ve bildirimleri</phone>
<phone id="Genel Bakış ve Hızlı Başlangıç,overview">Ana ekran tanıtımı</phone>

<phone id="Masaüstü uygulamalar,desktop">iManager</phone>
<phone id="Masaüstü uygulamalar,desktop">Kamera</phone>
<phone id="Masaüstü uygulamalar,desktop">Albümler</phone>
<phone id="Masaüstü uygulamalar,desktop">Hesap Makinesi</phone>
<phone id="Masaüstü uygulamalar,desktop">Kaydedici</phone>
<phone id="Masaüstü uygulamalar,desktop">Saat</phone>
<phone id="Masaüstü uygulamalar,desktop">Pusula</phone>
<phone id="Masaüstü uygulamalar,desktop">iqoo.com</phone>
<phone id="Masaüstü uygulamalar,desktop">Temalar</phone>
<phone id="Masaüstü uygulamalar,desktop">Müzik</phone>
<phone id="Masaüstü uygulamalar,desktop">Hava durumu</phone>
<phone id="Masaüstü uygulamalar,desktop">EasyShare</phone>
<phone id="Masaüstü uygulamalar,desktop">Notlar</phone>
<phone id="Masaüstü uygulamalar,desktop">Tarayıcı</phone>
<phone id="Masaüstü uygulamalar,desktop">iQOOCloud</phone>
<phone id="Masaüstü uygulamalar,desktop">Google apps</phone>

<phone id="Telefon ve Kişiler,contact">Aramalar</phone>
<phone id="Telefon ve Kişiler,contact">Kişiler</phone>
<phone id="Telefon ve Kişiler,contact">Daha fazla seçenek</phone>
<phone id="Telefon ve Kişiler,contact">Mesajlar</phone>

<phone id="Ayarlar,settings">Ağ ve İnternet</phone>
<phone id="Ayarlar,settings">Bluetooth ve cihaz bağlantısı</phone>
<phone id="Ayarlar,settings">Ekran ve parlaklık</phone>
<phone id="Ayarlar,settings">Kilit ekranı ve duvar kağıdı</phone>
<phone id="Ayarlar,settings">Dinamik Efektler</phone>
<phone id="Ayarlar,settings">Ses</phone>
<phone id="Ayarlar,settings">Uygulamalar ve bildirimler</phone>
<phone id="Ayarlar,settings">Pil</phone>
<phone id="Ayarlar,settings">Bellek ve depolama alanı</phone>
<phone id="Ayarlar,settings">Güvenlik</phone>
<phone id="Ayarlar,settings">Gizlilik</phone>
<phone id="Ayarlar,settings">Konum</phone>
<phone id="Ayarlar,settings">Ultra Oyun Modu</phone>
<phone id="Ayarlar,settings">Kısayollar ve Erişilebilirlik</phone>
<phone id="Ayarlar,settings">Dijital Denge ve ebeveyn denetimleri</phone>
<phone id="Ayarlar,settings">Google</phone>
<phone id="Ayarlar,settings">Hesaplar</phone>
<phone id="Ayarlar,settings">Sistem</phone>
<phone id="Ayarlar,settings">Telefon hakkında</phone>
<phone id="Ayarlar,settings" skip="usbdebug">Geliştirici seçenekleri</phone>
<phone id="Ayarlar,settings">Sistem güncellemesi</phone>

<phone id="Bakım ve servis,maintain">Bakım hakkında</phone>
<phone id="Bakım ve servis,maintain">Telefon ve aksesuarlar</phone>
<phone id="Bakım ve servis,maintain">Yardım</phone>
<phone id="Bakım ve servis,maintain">Desteklenen dosya formatları</phone>
<phone id="Bakım ve servis,maintain" skip="usbhelp">USB bağlantısı ile ilgili talimatlar</phone>

