<!--  
这个为菜单列表，注意编辑的格式!例如：
<phone id="手机概览,overview">手机外观</phone>
1、手机概览：一级标题名称
2、overview：这个为assets下的各个模块文件夹的名称，记住这个值一定要与文件夹的名称对应，不然链接会出错
3、手机外观：二级标题名称
4、手机概览与overview之间的逗号为英文状态下的，请注意
5、各个模块文件夹的html文件一定要按照顺序来命名，即XXX_1到XXX_n来命名，中间不能有断续
-->
<phones>
<phone id="ခြုံငုံကြည့်ခြင်းနှင့် အမြန်စတင်မှု လမ်းညွှန်,overview">ဖုန်းပြင်ပ မိတ်ဆက်</phone>
<phone id="ခြုံငုံကြည့်ခြင်းနှင့် အမြန်စတင်မှု လမ်းညွှန်,overview">ထည့်သွင်းခြင်းနှင့် ပြင်ဆင်ခြင်း</phone>
<phone id="ခြုံငုံကြည့်ခြင်းနှင့် အမြန်စတင်မှု လမ်းညွှန်,overview">အခြေနေပြဘားသင်္ကေတများနှင့်အကြောင်းကြားချက်များ</phone>
<phone id="ခြုံငုံကြည့်ခြင်းနှင့် အမြန်စတင်မှု လမ်းညွှန်,overview">ပင်မ မျက်နှာပြင်ကို မိတ်ဆက်ခြင်း</phone>

<phone id="ပင်မစခရင်အက်ပ်များ,desktop">iManager</phone>
<phone id="ပင်မစခရင်အက်ပ်များ,desktop">ကင်မရာ</phone>
<phone id="ပင်မစခရင်အက်ပ်များ,desktop">အယ်လ်ဘမ်များ</phone>
<phone id="ပင်မစခရင်အက်ပ်များ,desktop">ဂဏန်းပေါင်းစက်</phone>
<phone id="ပင်မစခရင်အက်ပ်များ,desktop">အသံဖမ်းစက်</phone>
<phone id="ပင်မစခရင်အက်ပ်များ,desktop">နာရီ</phone>
<phone id="ပင်မစခရင်အက်ပ်များ,desktop">သံလိုက္အိမ္ေျမွာင္</phone>
<phone id="ပင်မစခရင်အက်ပ်များ,desktop">iqoo.com</phone>
<phone id="ပင်မစခရင်အက်ပ်များ,desktop">နောက်ခံပုံစံ</phone>
<phone id="ပင်မစခရင်အက်ပ်များ,desktop">သီချင်း</phone>
<phone id="ပင်မစခရင်အက်ပ်များ,desktop">ရာသီဥတု</phone>
<phone id="ပင်မစခရင်အက်ပ်များ,desktop">EasyShare</phone>
<phone id="ပင်မစခရင်အက်ပ်များ,desktop">မှတ်စုများ</phone>
<phone id="ပင်မစခရင်အက်ပ်များ,desktop">ဘရောက်ဇာ</phone>
<phone id="ပင်မစခရင်အက်ပ်များ,desktop">iQOOCloud</phone>
<phone id="ပင်မစခရင်အက်ပ်များ,desktop">Google အက်ပ်များ</phone>

<phone id="ဖုန်းနှင့် အဆက်အသွယ်များ,contact">ဖုန်းခေါ်နေသည်</phone>
<phone id="ဖုန်းနှင့် အဆက်အသွယ်များ,contact">အဆက်အသွယ်များ</phone>
<phone id="ဖုန်းနှင့် အဆက်အသွယ်များ,contact">နောက်ထပ် လုပ်ငန်းများ</phone>
<phone id="ဖုန်းနှင့် အဆက်အသွယ်များ,contact">မက်ဆေ့ဂျ်များ</phone>

<phone id="ဆက်တင်များ,settings">ကွန်ရက်နှင့် အင်တာနက်</phone>
<phone id="ဆက်တင်များ,settings">ဘလူးတုသ်နှင့်စက်များ</phone>
<phone id="ဆက်တင်များ,settings">ပြသမှုနှင့် တောက်ပမှု</phone>
<phone id="ဆက်တင်များ,settings">လော့ခ်မျက်နှာပြင်နှင့် နောက်ခံပုံ</phone>
<phone id="ဆက်တင်များ,settings">ရွေ့လျား ပြုလုပ်ချက်များ</phone>
<phone id="ဆက်တင်များ,settings">အသံ</phone>
<phone id="ဆက်တင်များ,settings">အက်ပ်များနှင့် သတိပေးအချက်ပြမှုများ</phone>
<phone id="ဆက်တင်များ,settings">ဘက်ထရီ</phone>
<phone id="ဆက်တင်များ,settings">RAM နှင့် သိုလှောင်ခန်း နေရာ</phone>
<phone id="ဆက်တင်များ,settings">လုံခြုံရေး</phone>
<phone id="ဆက်တင်များ,settings">ကန့်သတ်ဆက်တင်</phone>
<phone id="ဆက်တင်များ,settings">တည်နေရာ</phone>
<phone id="ဆက်တင်များ,settings">အထူး ဂိမ်းစနစ်</phone>
<phone id="ဆက်တင်များ,settings">ရှော့ကက်များနှင့် ဝင်ရောက်သုံးနိုင်ခွင့်</phone>
<phone id="ဆက်တင်များ,settings">ဒစ်ဂျစ်တယ် အာရောဂျံနှင့် မိဘအထိန်းအချုပ်များ </phone>
<phone id="ဆက်တင်များ,settings">Google</phone>
<phone id="ဆက်တင်များ,settings">ကောင့်များ</phone>
<phone id="ဆက်တင်များ,settings">စနစ်</phone>
<phone id="ဆက်တင်များ,settings">ဖုန်းအကြောင်း</phone>
<phone id="ဆက်တင်များ,settings" skip="usbdebug">တီထွင်သူ ရွေးစရာများ</phone>
<phone id="ဆက်တင်များ,settings">စနစ် မြင့်တင်</phone>

<phone id="ပြုပြင်ထိန်းသိမ်းရေး,maintain">ထိန်းသိမ်းရေးအကြောင်း</phone>
<phone id="ပြုပြင်ထိန်းသိမ်းရေး,maintain">ဖုန်းနှင့် အပိုပစ္စည်းများ</phone>
<phone id="ပြုပြင်ထိန်းသိမ်းရေး,maintain">အကူအညီ</phone>
<phone id="ပြုပြင်ထိန်းသိမ်းရေး,maintain">ပံ့ပိုးထားသော ဖိုင်ပုံစံများ</phone>
<phone id="ပြုပြင်ထိန်းသိမ်းရေး,maintain" skip="usbhelp">USB ချိတ်ဆက်မှုအတွက် လမ်းညွှန်ချက်များ</phone>
