﻿<!--  
这个为菜单列表，注意编辑的格式!例如：
<phone id="手机概览,overview">手机外观</phone>
1、手机概览：一级标题名称
2、overview：这个为assets下的各个模块文件夹的名称，记住这个值一定要与文件夹的名称对应，不然链接会出错
3、手机外观：二级标题名称
4、手机概览与overview之间的逗号为英文状态下的，请注意
5、各个模块文件夹的html文件一定要按照顺序来命名，即XXX_1到XXX_n来命名，中间不能有断续
-->
<phones>
<phone id="Informazio orokorra eta erabiltzen hasteko gida azkarra,overview">Telefonoaren kanpoaldearen sarrera</phone>
<phone id="Informazio orokorra eta erabiltzen hasteko gida azkarra,overview">Instalazioa eta prestaketa</phone>
<phone id="Informazio orokorra eta erabiltzen hasteko gida azkarra,overview">Egoera-barrako ikonoak eta jakinarazpenak</phone>
<phone id="Informazio orokorra eta erabiltzen hasteko gida azkarra,overview">Hasierako pantailaren aurkezpena</phone>

<phone id="Hasierako pantailako aplikazioak,desktop">iManager</phone>
<phone id="Hasierako pantailako aplikazioak,desktop">Kamera</phone>
<phone id="Hasierako pantailako aplikazioak,desktop">Albumak</phone>
<phone id="Hasierako pantailako aplikazioak,desktop">Kalkulagailua</phone>
<phone id="Hasierako pantailako aplikazioak,desktop">Grabagailua</phone>
<phone id="Hasierako pantailako aplikazioak,desktop">Erlojua</phone>
<phone id="Hasierako pantailako aplikazioak,desktop">Iparrorratza</phone>
<phone id="Hasierako pantailako aplikazioak,desktop">iqoo.com</phone>
<phone id="Hasierako pantailako aplikazioak,desktop">Gaiak</phone>
<phone id="Hasierako pantailako aplikazioak,desktop">Musika</phone>
<phone id="Hasierako pantailako aplikazioak,desktop">Eguraldia</phone>
<phone id="Hasierako pantailako aplikazioak,desktop">EasyShare</phone>
<phone id="Hasierako pantailako aplikazioak,desktop">Oharrak</phone>
<phone id="Hasierako pantailako aplikazioak,desktop">Arakatzailea</phone>
<phone id="Hasierako pantailako aplikazioak,desktop">iQOOCloud</phone>
<phone id="Hasierako pantailako aplikazioak,desktop">Google-ren aplikazioak</phone>

<phone id="Telefonoa eta kontaktuak,contact">Deiak</phone>
<phone id="Telefonoa eta kontaktuak,contact">Kontaktuak</phone>
<phone id="Telefonoa eta kontaktuak,contact">Eragiketa gehiago</phone>
<phone id="Telefonoa eta kontaktuak,contact">Mezuak</phone>

<phone id="Ezarpenak,settings">Sarea eta Internet</phone>
<phone id="Ezarpenak,settings">Bluetootha eta gailuaren konexioa</phone>
<phone id="Ezarpenak,settings">Pantaila eta distira</phone>
<phone id="Ezarpenak,settings">Blokeatutako pantaila eta horma-papera</phone>
<phone id="Ezarpenak,settings">Efektu dinamikoak</phone>
<phone id="Ezarpenak,settings">Soinua</phone>
<phone id="Ezarpenak,settings">Aplikazioak eta jakinarazpenak</phone>
<phone id="Ezarpenak,settings">Bateria</phone>
<phone id="Ezarpenak,settings">RAM eta memoriako tokia</phone>
<phone id="Ezarpenak,settings">Segurtasuna</phone>
<phone id="Ezarpenak,settings">Pribatutasuna</phone>
<phone id="Ezarpenak,settings">Kokapen-zerbitzuak</phone>
<phone id="Ezarpenak,settings">Ultra jokatzeko modua</phone>
<phone id="Ezarpenak,settings">Lasterbideak eta erabilerraztasuna</phone>
<phone id="Ezarpenak,settings">Ongizate digitala eta gurasoen murriztapenak</phone>
<phone id="Ezarpenak,settings">Google</phone>
<phone id="Ezarpenak,settings">Kontuak</phone>
<phone id="Ezarpenak,settings">Sistema</phone>
<phone id="Ezarpenak,settings">Telefonoari buruz</phone>
<phone id="Ezarpenak,settings" skip="usbdebug">Garatzaileentzako aukerak</phone>
<phone id="Ezarpenak,settings">Sistemaren eguneratzea</phone>

<phone id="Mantentzea eta zerbitzuak ematea,maintain">Mantentzeari buruz</phone>
<phone id="Mantentzea eta zerbitzuak ematea,maintain">Telefonoa eta osagarriak</phone>
<phone id="Mantentzea eta zerbitzuak ematea,maintain">Laguntza</phone>
<phone id="Mantentzea eta zerbitzuak ematea,maintain">Onartutako fitxategi-formatuak</phone>
<phone id="Mantentzea eta zerbitzuak ematea,maintain" skip="usbhelp">USB bidezko konexioari buruzko argibideak</phone>
